1,105,121
2,108,123
3,104,116
4,109,116
5,98,119
6,97,123
7,100,129
8,95,118
9,114,114
10,97,131
11,118,126
12,93,112
13,103,137
14,88,122
15,87,123
16,117,106
17,112,140
18,120,136
19,93,140
20,89,104
21,84,109
22,126,135
23,101,95
24,113,147
25,94,147
26,124,99
27,116,93
28,82,100
29,73,122
30,76,105
31,136,135
32,87,91
33,76,142
34,141,115
35,136,100
36,84,89
37,101,160
38,96,82
39,108,80
40,107,163
41,87,160
42,68,98
43,75,88
44,61,110
45,148,138
46,82,80
47,86,165
48,148,144
49,138,158
50,78,78
51,151,98
52,128,74
53,55,139
54,52,112
55,136,76
56,83,70
57,136,74
58,116,177
59,116,64
60,159,98
61,160,144
62,78,67
63,108,182
64,164,140
65,140,69
66,143,70
67,42,108
68,61,169
69,116,186
70,166,148
71,162,85
72,79,184
73,63,66
74,94,190
75,130,55
76,43,86
77,129,53
78,131,189
79,133,53
80,48,73
81,57,179
82,108,45
83,45,73
84,178,95
85,77,194
86,102,42
87,37,79
88,49,179
89,120,41
90,102,39
91,138,197
92,129,41
93,175,74
94,34,74
95,123,37
96,161,55
97,162,55
98,82,36
99,163,188
100,49,191
101,195,115
102,105,212
103,22,160
104,89,212
105,109,28
106,21,79
107,14,146
108,195,90
109,199,102
110,44,46
111,184,178
112,187,175
113,9,97
114,132,25
115,6,104
116,102,222
117,206,108
118,83,221
119,70,218
120,180,49
121,33,45
122,183,50
123,155,215
124,164,211
125,93,229
126,172,34
127,26,199
128,132,230
129,105,120
130,108,119
131,110,122
132,101,126
133,107,128
134,99,115
135,97,116
136,115,118
137,98,112
138,95,129
139,92,126
140,96,109
141,113,135
142,99,105
143,87,119
144,96,138
145,94,138
146,119,105
147,117,140
148,128,125
149,81,124
150,97,97
151,116,145
152,101,148
153,116,95
154,113,149
155,133,110
156,125,97
157,137,123
158,102,88
159,79,99
160,105,156
161,126,92
162,126,91
163,99,158
164,67,126
165,115,83
166,114,160
167,102,80
168,123,83
169,123,160
170,98,164
171,138,91
172,134,156
173,110,75
174,107,168
175,149,140
176,62,98
177,154,129
178,146,91
179,128,167
180,58,144
181,101,68
182,74,165
183,147,156
184,57,93
185,99,65
186,161,132
187,144,78
188,128,67
189,139,170
190,51,94
191,66,168
192,86,62
193,159,153
194,67,172
195,92,58
196,167,141
197,44,146
198,47,88
199,171,107
200,79,58
201,36,115
202,36,110
203,35,130
204,140,59
205,145,61
206,157,70
207,53,173
208,31,130
209,83,49
210,29,117
211,61,184
212,179,144
213,133,194
214,26,124
215,47,176
216,161,63
217,24,129
218,108,39
219,72,197
220,185,145
221,189,113
222,86,204
223,160,187
224,19,111
225,68,42
226,128,206
227,24,85
228,116,210
229,152,44
230,14,123
231,144,204
232,180,175
233,12,126
234,145,36
235,161,45
236,49,44
237,104,25
238,123,26
239,44,197
240,111,23
241,56,35
242,62,31
243,32,52
244,59,211
245,34,194
246,96,19
247,76,220
248,181,192
249,136,221
250,176,43
251,128,225
252,195,180
253,77,16
254,177,204
255,24,45
256,145,16
257,104,121
258,105,117
259,110,120
260,110,125
261,103,114
262,111,127
263,113,116
264,108,111
265,94,118
266,97,111
267,105,107
268,117,112
269,103,105
270,111,137
271,107,139
272,102,102
273,109,101
274,119,137
275,93,102
276,97,99
277,124,106
278,123,139
279,94,97
280,118,145
281,79,110
282,76,124
283,102,91
284,109,152
285,73,118
286,114,153
287,127,147
288,126,149
289,87,90
290,112,157
291,68,115
292,95,84
293,95,83
294,145,118
295,66,134
296,92,161
297,96,163
298,112,164
299,138,151
300,67,146
301,151,116
302,103,168
303,104,73
304,65,149
305,64,93
306,114,171
307,126,168
308,99,173
309,94,173
310,74,77
311,88,173
312,149,87
313,49,127
314,94,65
315,116,178
316,145,164
317,151,83
318,132,175
319,108,60
320,164,102
321,81,63
322,123,182
323,59,76
324,50,86
325,166,96
326,39,111
327,39,135
328,161,82
329,40,97
330,85,188
331,114,51
332,167,86
333,36,100
334,33,132
335,37,93
336,168,161
337,47,169
338,75,191
339,149,184
340,38,160
341,77,48
342,182,103
343,57,185
344,129,198
345,40,72
346,23,124
347,27,149
348,185,97
349,41,66
350,110,206
351,147,196
352,21,142
353,192,128
354,191,102
355,192,138
356,188,155
357,193,141
358,103,30
359,24,78
360,114,213
361,81,31
362,188,165
363,22,76
364,49,198
365,9,119
366,10,139
367,192,77
368,68,212
369,196,82
370,37,194
371,157,207
372,61,212
373,32,192
374,3,112
375,134,22
376,106,17
377,155,29
378,66,219
379,8,165
380,86,227
381,56,24
382,33,38
383,109,232
384,123,232
385,105,122
386,105,125
387,103,126
388,100,117
389,107,114
390,108,113
391,100,113
392,95,124
393,95,115
394,113,111
395,104,107
396,96,133
397,91,113
398,89,127
399,103,103
400,114,138
401,101,101
402,109,142
403,86,109
404,127,129
405,120,140
406,100,146
407,116,97
408,78,125
409,116,147
410,102,150
411,135,118
412,91,149
413,102,153
414,128,145
415,71,119
416,84,149
417,74,139
418,69,114
419,132,95
420,129,91
421,143,111
422,118,83
423,92,82
424,85,158
425,96,79
426,131,156
427,63,106
428,98,166
429,59,126
430,59,111
431,133,82
432,72,85
433,56,113
434,64,151
435,112,172
436,143,157
437,145,156
438,119,173
439,58,93
440,61,87
441,159,137
442,49,110
443,109,63
444,87,65
445,54,152
446,85,178
447,58,160
448,56,83
449,120,182
450,166,139
451,151,166
452,166,144
453,55,78
454,95,55
455,62,173
456,49,82
457,40,145
458,172,101
459,124,53
460,149,65
461,174,142
462,52,71
463,177,106
464,128,192
465,170,159
466,67,187
467,64,186
468,114,198
469,147,55
470,31,149
471,41,169
472,181,94
473,177,159
474,165,177
475,117,203
476,23,105
477,41,176
478,188,102
479,63,196
480,156,51
481,22,94
482,49,189
483,48,189
484,28,167
485,18,145
486,176,178
487,188,82
488,96,213
489,81,211
490,61,204
491,32,181
492,182,65
493,55,39
494,21,169
495,149,208
496,44,44
497,106,22
498,58,33
499,200,88
500,177,50
501,206,134
502,196,74
503,2,127
504,23,185
505,196,69
506,195,66
507,12,173
508,176,40
509,124,228
510,146,19
511,110,10
512,181,38
513,106,121
514,101,121
515,100,119
516,100,125
517,108,114
518,102,113
519,96,118
520,112,129
521,99,111
522,115,113
523,104,135
524,105,106
525,107,137
526,103,138
527,123,124
528,114,104
529,125,117
530,101,100
531,113,142
532,90,139
533,124,136
534,128,132
535,94,145
536,109,148
537,101,149
538,108,150
539,80,104
540,96,91
541,137,124
542,117,152
543,102,87
544,70,121
545,119,88
546,89,88
547,142,127
548,75,97
549,66,126
550,143,108
551,132,90
552,68,141
553,123,82
554,146,106
555,117,164
556,93,77
557,130,160
558,151,131
559,130,162
560,86,166
561,128,165
562,155,112
563,112,70
564,69,159
565,120,172
566,125,71
567,96,67
568,53,141
569,156,97
570,162,117
571,61,83
572,71,169
573,74,172
574,130,176
575,152,160
576,103,183
577,150,165
578,87,182
579,149,168
580,82,60
581,41,105
582,171,131
583,74,181
584,118,54
585,154,170
586,165,157
587,73,58
588,49,165
589,174,100
590,138,56
591,55,67
592,82,192
593,40,83
594,181,126
595,170,162
596,28,112
597,111,43
598,70,192
599,181,96
600,164,66
601,139,195
602,45,177
603,50,59
604,75,43
605,125,39
606,21,107
607,147,46
608,77,39
609,29,164
610,37,177
611,173,178
612,59,198
613,18,97
614,191,91
615,17,147
616,194,146
617,129,211
618,13,140
619,45,194
620,10,128
621,198,97
622,82,215
623,18,165
624,126,25
625,204,119
626,193,74
627,172,196
628,120,21
629,180,190
630,12,164
631,162,207
632,187,185
633,22,57
634,195,176
635,139,222
636,24,50
637,36,205
638,64,19
639,49,25
640,77,12
641,104,120
642,109,121
643,103,116
644,101,116
645,102,128
646,102,129
647,108,130
648,98,113
649,99,131
650,105,134
651,91,122
652,117,130
653,91,129
654,107,104
655,96,105
656,86,124
657,85,117
658,84,117
659,83,126
660,110,144
661,81,125
662,124,104
663,82,108
664,109,94
665,90,145
666,120,96
667,88,96
668,114,151
669,134,107
670,128,97
671,108,87
672,105,86
673,87,152
674,140,110
675,80,93
676,71,103
677,110,82
678,92,83
679,64,124
680,68,101
681,92,80
682,93,79
683,62,133
684,149,109
685,144,146
686,95,75
687,64,146
688,60,102
689,58,105
690,68,156
691,130,76
692,59,96
693,128,169
694,64,156
695,91,174
696,53,101
697,54,145
698,153,90
699,67,165
700,153,87
701,123,64
702,92,180
703,101,60
704,43,119
705,60,165
706,166,103
707,157,83
708,70,176
709,121,57
710,124,57
711,44,92
712,111,53
713,154,72
714,161,79
715,137,184
716,111,50
717,126,52
718,159,170
719,149,180
720,62,182
721,91,47
722,165,74
723,179,142
724,153,60
725,63,55
726,176,156
727,104,41
728,38,76
729,176,81
730,173,167
731,83,201
732,135,43
733,25,94
734,190,127
735,63,46
736,187,149
737,81,205
738,17,117
739,31,170
740,151,198
741,90,210
742,75,207
743,131,209
744,163,49
745,151,40
746,190,161
747,152,203
748,71,32
749,102,217
750,24,68
751,192,165
752,8,137
753,22,175
754,146,30
755,75,217
756,63,213
757,174,46
758,8,154
759,189,181
760,130,20
761,191,61
762,78,19
763,188,188
764,40,35
765,21,190
766,176,37
767,99,10
768,167,27
769,104,122
770,104,117
771,107,116
772,109,126
773,102,114
774,97,118
775,108,112
776,112,113
777,115,115
778,118,121
779,91,120
780,105,136
781,111,106
782,103,104
783,121,130
784,98,103
785,120,107
786,88,108
787,110,99
788,91,102
789,109,97
790,82,132
791,118,98
792,101,94
793,129,106
794,134,124
795,109,91
796,78,137
797,124,147
798,137,112
799,134,103
800,133,142
801,72,107
802,140,132
803,77,96
804,99,83
805,66,116
806,109,81
807,123,84
808,66,105
809,80,86
810,63,133
811,117,78
812,64,141
813,94,166
814,152,118
815,57,123
816,147,146
817,60,100
818,119,72
819,124,169
820,80,167
821,110,174
822,146,86
823,95,175
824,50,130
825,139,166
826,100,178
827,131,69
828,136,71
829,126,177
830,50,146
831,46,105
832,43,123
833,139,174
834,137,66
835,48,151
836,143,174
837,159,83
838,147,69
839,114,188
840,99,189
841,57,171
842,79,186
843,42,89
844,99,50
845,55,69
846,51,170
847,174,95
848,58,63
849,77,51
850,152,61
851,181,133
852,44,169
853,56,60
854,175,84
855,25,120
856,172,76
857,34,81
858,166,66
859,127,201
860,38,171
861,132,41
862,73,42
863,152,49
864,130,38
865,129,37
866,26,82
867,53,49
868,83,34
869,90,32
870,78,34
871,131,33
872,122,30
873,85,30
874,86,29
875,58,203
876,16,155
877,30,61
878,186,68
879,122,217
880,173,192
881,12,155
882,184,60
883,135,25
884,13,79
885,142,216
886,115,19
887,208,114
888,206,146
889,208,141
890,116,16
891,117,227
892,191,56
893,166,211
894,176,205
895,44,28
896,93,9
897,106,122
898,104,125
899,107,126
900,110,117
901,112,118
902,97,124
903,102,112
904,97,128
905,111,131
906,117,116
907,107,135
908,93,130
909,111,136
910,119,131
911,121,112
912,109,102
913,87,131
914,88,134
915,127,116
916,119,102
917,81,117
918,128,110
919,118,144
920,129,108
921,110,93
922,82,139
923,78,135
924,86,96
925,86,147
926,136,133
927,87,92
928,70,122
929,70,129
930,70,132
931,121,155
932,139,139
933,87,156
934,65,125
935,109,162
936,83,157
937,130,86
938,63,109
939,149,129
940,146,101
941,151,127
942,101,74
943,153,119
944,142,89
945,136,82
946,59,99
947,132,77
948,117,172
949,130,74
950,52,131
951,61,154
952,119,67
953,127,173
954,86,67
955,143,165
956,150,159
957,49,100
958,118,62
959,117,61
960,102,183
961,151,164
962,137,176
963,135,178
964,42,104
965,39,123
966,67,176
967,72,62
968,169,97
969,163,159
970,35,120
971,71,183
972,39,148
973,110,193
974,154,67
975,49,169
976,79,51
977,77,191
978,130,193
979,182,121
980,33,92
981,91,198
982,168,169
983,185,123
984,165,175
985,114,202
986,100,39
987,159,58
988,30,84
989,81,40
990,32,77
991,190,134
992,143,199
993,97,34
994,144,42
995,53,193
996,42,185
997,35,64
998,14,116
999,195,139
1000,64,204
1001,99,28
1002,193,88
1003,192,84
1004,71,210
1005,180,61
1006,196,88
1007,115,218
1008,34,53
1009,198,155
1010,92,22
1011,25,60
1012,197,163
1013,206,135
1014,95,223
1015,178,194
1016,7,86
1017,85,224
1018,139,21
1019,180,197
1020,60,23
1021,60,220
1022,104,231
1023,71,227
1024,153,19
1025,106,120
1026,106,117
1027,110,123
1028,108,115
1029,98,118
1030,113,124
1031,114,118
1032,113,114
1033,116,125
1034,93,116
1035,95,131
1036,106,106
1037,99,136
1038,91,111
1039,112,138
1040,101,140
1041,125,116
1042,115,140
1043,110,143
1044,124,135
1045,113,98
1046,94,144
1047,79,116
1048,81,108
1049,133,116
1050,128,103
1051,119,94
1052,80,102
1053,137,117
1054,82,145
1055,71,124
1056,103,86
1057,69,121
1058,137,139
1059,89,87
1060,140,137
1061,87,86
1062,145,125
1063,65,131
1064,127,157
1065,80,156
1066,148,129
1067,125,81
1068,127,81
1069,142,149
1070,59,132
1071,115,168
1072,104,170
1073,154,112
1074,95,71
1075,142,85
1076,84,73
1077,61,151
1078,115,68
1079,72,77
1080,72,166
1081,118,66
1082,131,172
1083,109,179
1084,120,178
1085,161,142
1086,92,62
1087,45,109
1088,167,124
1089,158,87
1090,73,176
1091,148,73
1092,88,58
1093,159,159
1094,140,64
1095,63,68
1096,87,55
1097,152,70
1098,104,191
1099,175,111
1100,176,114
1101,92,192
1102,136,187
1103,153,177
1104,39,86
1105,35,149
1106,111,197
1107,166,168
1108,180,101
1109,91,44
1110,33,88
1111,27,103
1112,159,61
1113,24,112
1114,35,78
1115,34,164
1116,180,158
1117,96,205
1118,178,77
1119,105,35
1120,182,161
1121,173,66
1122,146,43
1123,193,133
1124,16,133
1125,35,178
1126,196,126
1127,196,109
1128,122,212
1129,183,70
1130,138,209
1131,12,138
1132,60,37
1133,9,125
1134,161,42
1135,202,131
1136,137,28
1137,177,189
1138,118,22
1139,195,76
1140,35,48
1141,37,45
1142,75,23
1143,34,196
1144,203,156
1145,37,201
1146,185,52
1147,16,62
1148,150,23
1149,158,216
1150,155,219
1151,142,16
1152,173,211
1153,105,119
1154,101,120
1155,100,123
1156,102,115
1157,112,124
1158,98,116
1159,114,124
1160,98,129
1161,101,132
1162,93,126
1163,115,111
1164,106,136
1165,89,118
1166,95,107
1167,92,108
1168,94,105
1169,92,137
1170,124,131
1171,127,126
1172,116,142
1173,97,98
1174,118,99
1175,80,130
1176,130,132
1177,110,149
1178,123,144
1179,100,91
1180,111,90
1181,73,125
1182,93,90
1183,123,150
1184,140,123
1185,107,157
1186,119,87
1187,81,92
1188,140,105
1189,70,139
1190,101,161
1191,143,137
1192,141,143
1193,146,134
1194,69,146
1195,113,77
1196,145,143
1197,133,158
1198,99,168
1199,58,131
1200,56,120
1201,136,160
1202,55,131
1203,57,140
1204,93,172
1205,135,77
1206,104,175
1207,138,77
1208,65,160
1209,50,108
1210,117,177
1211,61,159
1212,48,136
1213,84,65
1214,122,63
1215,166,126
1216,53,155
1217,164,143
1218,168,112
1219,164,147
1220,63,171
1221,171,123
1222,140,178
1223,52,163
1224,51,79
1225,72,182
1226,106,51
1227,144,180
1228,91,51
1229,118,192
1230,56,175
1231,45,164
1232,70,187
1233,97,196
1234,148,58
1235,104,44
1236,44,73
1237,140,191
1238,57,58
1239,45,174
1240,51,61
1241,30,153
1242,154,55
1243,154,188
1244,179,160
1245,24,97
1246,32,165
1247,191,122
1248,26,85
1249,138,202
1250,192,107
1251,17,108
1252,134,206
1253,113,31
1254,20,88
1255,30,68
1256,146,38
1257,19,85
1258,105,215
1259,198,104
1260,200,113
1261,85,215
1262,92,217
1263,145,32
1264,199,150
1265,125,24
1266,204,134
1267,15,166
1268,7,96
1269,37,197
1270,32,49
1271,176,46
1272,140,219
1273,173,201
1274,136,20
1275,189,55
1276,16,182
1277,28,44
1278,120,230
1279,136,228
1280,80,231
1281,105,123
1282,106,125
1283,110,119
1284,99,124
1285,108,128
1286,100,114
1287,109,130
1288,97,114
1289,109,110
1290,117,126
1291,119,123
1292,103,136
1293,117,110
1294,119,111
1295,98,104
1296,86,117
1297,118,137
1298,86,111
1299,121,105
1300,126,132
1301,82,129
1302,83,134
1303,130,130
1304,78,116
1305,96,94
1306,76,117
1307,119,148
1308,131,103
1309,135,109
1310,138,117
1311,108,155
1312,93,88
1313,141,119
1314,71,135
1315,116,85
1316,70,137
1317,89,157
1318,128,88
1319,121,83
1320,64,131
1321,142,143
1322,125,82
1323,66,99
1324,87,79
1325,77,158
1326,139,88
1327,91,167
1328,74,83
1329,58,138
1330,67,87
1331,155,108
1332,70,82
1333,61,91
1334,107,175
1335,130,170
1336,50,131
1337,92,66
1338,111,178
1339,67,77
1340,103,62
1341,68,74
1342,55,155
1343,67,169
1344,167,117
1345,54,84
1346,42,130
1347,161,153
1348,155,79
1349,51,83
1350,94,187
1351,83,57
1352,136,60
1353,58,70
1354,107,191
1355,154,70
1356,53,170
1357,68,59
1358,74,187
1359,172,152
1360,125,49
1361,97,46
1362,91,46
1363,28,120
1364,181,137
1365,182,135
1366,50,64
1367,52,181
1368,147,52
1369,73,46
1370,91,40
1371,22,122
1372,66,195
1373,184,91
1374,39,67
1375,175,171
1376,141,200
1377,138,40
1378,119,208
1379,16,121
1380,176,66
1381,67,39
1382,138,36
1383,82,32
1384,14,104
1385,112,214
1386,199,120
1387,68,208
1388,113,216
1389,74,212
1390,118,25
1391,194,81
1392,76,27
1393,24,178
1394,18,72
1395,141,27
1396,80,219
1397,29,53
1398,64,27
1399,58,29
1400,175,198
1401,105,226
1402,6,158
1403,39,37
1404,158,27
1405,91,13
1406,110,231
1407,82,12
1408,130,11
1409,103,121
1410,101,122
1411,109,125
1412,111,124
1413,98,124
1414,110,114
1415,101,130
1416,109,131
1417,116,117
1418,92,120
1419,91,119
1420,119,127
1421,93,132
1422,88,118
1423,112,104
1424,124,117
1425,97,140
1426,97,101
1427,89,105
1428,126,110
1429,85,135
1430,92,143
1431,96,146
1432,90,144
1433,132,130
1434,133,112
1435,135,116
1436,135,131
1437,93,91
1438,93,152
1439,93,153
1440,117,88
1441,135,141
1442,91,155
1443,141,110
1444,70,105
1445,137,144
1446,82,88
1447,110,162
1448,71,146
1449,107,78
1450,136,152
1451,140,149
1452,87,163
1453,120,165
1454,111,168
1455,119,75
1456,151,138
1457,106,171
1458,60,145
1459,155,134
1460,53,128
1461,149,151
1462,63,87
1463,123,173
1464,67,80
1465,97,177
1466,162,115
1467,156,93
1468,46,123
1469,152,84
1470,71,71
1471,143,169
1472,44,133
1473,106,58
1474,168,130
1475,97,57
1476,75,179
1477,140,177
1478,121,186
1479,170,140
1480,136,182
1481,112,52
1482,54,73
1483,66,180
1484,157,170
1485,148,179
1486,44,161
1487,170,156
1488,33,141
1489,86,48
1490,181,114
1491,38,83
1492,29,137
1493,34,154
1494,160,178
1495,133,46
1496,27,100
1497,150,53
1498,171,72
1499,92,39
1500,66,47
1501,51,186
1502,20,128
1503,35,71
1504,184,157
1505,186,88
1506,91,208
1507,64,200
1508,123,209
1509,49,50
1510,99,212
1511,70,36
1512,48,48
1513,17,152
1514,163,195
1515,127,213
1516,197,146
1517,136,30
1518,124,216
1519,175,53
1520,134,215
1521,204,125
1522,92,220
1523,203,144
1524,7,146
1525,3,120
1526,204,148
1527,152,213
1528,120,224
1529,130,19
1530,202,79
1531,192,183
1532,91,14
1533,180,42
1534,100,231
1535,65,225
1536,32,207
1537,107,121
1538,109,122
1539,101,117
1540,102,127
1541,99,116
1542,100,128
1543,109,112
1544,101,111
1545,94,125
1546,104,108
1547,119,119
1548,97,134
1549,102,137
1550,109,138
1551,88,128
1552,86,125
1553,89,134
1554,85,113
1555,90,138
1556,128,115
1557,110,145
1558,92,99
1559,127,136
1560,82,136
1561,128,138
1562,100,92
1563,132,135
1564,95,151
1565,117,91
1566,96,89
1567,73,133
1568,102,156
1569,71,109
1570,79,95
1571,142,128
1572,89,156
1573,144,115
1574,141,139
1575,146,116
1576,63,126
1577,127,84
1578,74,90
1579,70,149
1580,63,139
1581,61,136
1582,127,163
1583,108,73
1584,107,72
1585,95,72
1586,156,120
1587,70,83
1588,89,71
1589,139,162
1590,159,123
1591,157,103
1592,67,162
1593,144,162
1594,144,79
1595,77,172
1596,52,147
1597,47,136
1598,113,61
1599,51,92
1600,76,176
1601,68,172
1602,114,184
1603,44,142
1604,155,163
1605,161,156
1606,38,120
1607,47,86
1608,91,54
1609,58,172
1610,174,133
1611,46,82
1612,113,192
1613,78,54
1614,166,81
1615,40,156
1616,121,194
1617,167,78
1618,145,186
1619,67,54
1620,28,132
1621,36,84
1622,163,175
1623,118,42
1624,174,79
1625,137,46
1626,167,175
1627,108,204
1628,70,197
1629,181,84
1630,189,136
1631,109,35
1632,178,168
1633,18,131
1634,18,135
1635,64,42
1636,43,56
1637,161,50
1638,169,56
1639,16,144
1640,55,43
1641,17,90
1642,11,123
1643,131,212
1644,12,142
1645,74,30
1646,55,204
1647,35,189
1648,149,33
1649,6,117
1650,48,203
1651,82,23
1652,80,23
1653,106,223
1654,42,202
1655,12,76
1656,126,19
1657,80,223
1658,63,218
1659,167,34
1660,188,52
1661,180,200
1662,127,13
1663,123,11
1664,69,228
1665,104,123
1666,109,120
1667,109,117
1668,99,118
1669,100,127
1670,112,116
1671,101,112
1672,115,125
1673,105,133
1674,104,134
1675,91,123
1676,113,108
1677,116,133
1678,89,114
1679,93,135
1680,124,126
1681,113,102
1682,100,100
1683,90,104
1684,127,130
1685,81,116
1686,114,97
1687,120,99
1688,78,126
1689,122,98
1690,76,116
1691,93,149
1692,75,131
1693,110,153
1694,123,93
1695,93,89
1696,102,86
1697,139,133
1698,71,107
1699,137,101
1700,128,152
1701,119,84
1702,66,131
1703,146,126
1704,65,107
1705,68,99
1706,127,159
1707,114,165
1708,123,79
1709,149,106
1710,85,78
1711,153,124
1712,58,107
1713,115,72
1714,106,70
1715,66,155
1716,155,137
1717,64,87
1718,54,103
1719,157,139
1720,160,131
1721,153,151
1722,52,99
1723,100,179
1724,157,93
1725,90,179
1726,97,61
1727,139,172
1728,68,71
1729,168,119
1730,114,58
1731,63,72
1732,47,151
1733,85,184
1734,106,188
1735,95,54
1736,43,150
1737,54,74
1738,102,191
1739,154,172
1740,158,169
1741,57,67
1742,140,185
1743,140,56
1744,32,105
1745,65,57
1746,159,175
1747,103,44
1748,116,44
1749,138,50
1750,27,135
1751,68,50
1752,53,183
1753,43,68
1754,159,183
1755,188,124
1756,70,45
1757,68,45
1758,85,204
1759,149,195
1760,93,207
1761,115,208
1762,27,80
1763,26,162
1764,29,73
1765,56,197
1766,125,210
1767,190,86
1768,127,31
1769,16,149
1770,23,167
1771,11,132
1772,199,137
1773,19,78
1774,38,191
1775,175,189
1776,27,181
1777,172,48
1778,48,39
1779,82,219
1780,4,115
1781,167,202
1782,161,35
1783,205,95
1784,174,43
1785,101,16
1786,63,24
1787,152,217
1788,148,220
1789,103,12
1790,83,229
1791,87,231
1792,141,14
1793,103,120
1794,108,124
1795,101,125
1796,108,127
1797,99,126
1798,110,128
1799,112,114
1800,115,117
1801,93,121
1802,116,128
1803,114,132
1804,118,113
1805,121,124
1806,121,128
1807,119,133
1808,110,140
1809,118,105
1810,93,103
1811,122,136
1812,83,112
1813,84,134
1814,81,112
1815,83,106
1816,128,106
1817,117,95
1818,131,107
1819,133,133
1820,135,111
1821,137,126
1822,77,103
1823,137,109
1824,114,155
1825,131,146
1826,91,87
1827,75,98
1828,94,158
1829,68,107
1830,125,86
1831,138,146
1832,65,135
1833,103,78
1834,83,83
1835,89,163
1836,92,77
1837,125,79
1838,137,156
1839,88,76
1840,146,94
1841,154,131
1842,54,119
1843,96,70
1844,71,161
1845,84,170
1846,87,172
1847,107,66
1848,146,83
1849,75,73
1850,52,143
1851,121,65
1852,154,154
1853,79,175
1854,53,90
1855,76,67
1856,110,183
1857,132,64
1858,59,165
1859,154,79
1860,75,63
1861,117,56
1862,172,120
1863,146,175
1864,76,59
1865,87,188
1866,157,74
1867,40,93
1868,172,96
1869,87,51
1870,169,86
1871,88,193
1872,32,137
1873,41,161
1874,51,67
1875,102,198
1876,94,198
1877,183,128
1878,158,180
1879,182,99
1880,140,48
1881,25,105
1882,111,39
1883,101,204
1884,188,132
1885,121,38
1886,188,141
1887,101,35
1888,55,50
1889,174,175
1890,185,84
1891,35,176
1892,73,37
1893,121,210
1894,187,81
1895,170,186
1896,94,29
1897,171,55
1898,179,63
1899,14,95
1900,96,26
1901,191,164
1902,182,62
1903,28,61
1904,59,34
1905,178,54
1906,144,213
1907,8,148
1908,6,100
1909,198,163
1910,182,189
1911,206,99
1912,99,225
1913,90,17
1914,124,225
1915,33,200
1916,106,229
1917,172,207
1918,113,11
1919,50,218
1920,169,214
1921,104,119
1922,102,118
1923,108,116
1924,111,118
1925,100,115
1926,112,126
1927,98,128
1928,96,115
1929,106,109
1930,118,119
1931,94,112
1932,108,106
1933,93,110
1934,122,117
1935,117,135
1936,110,102
1937,121,108
1938,93,139
1939,119,103
1940,99,98
1941,92,142
1942,99,146
1943,111,147
1944,85,102
1945,117,147
1946,93,148
1947,93,93
1948,120,149
1949,123,148
1950,110,88
1951,114,88
1952,76,141
1953,80,147
1954,139,107
1955,128,91
1956,69,135
1957,91,84
1958,133,150
1959,130,88
1960,99,79
1961,102,164
1962,134,88
1963,143,97
1964,62,137
1965,85,163
1966,90,166
1967,110,169
1968,64,148
1969,107,171
1970,134,163
1971,114,172
1972,145,87
1973,132,75
1974,102,67
1975,50,123
1976,80,71
1977,153,91
1978,127,68
1979,161,105
1980,138,72
1981,158,149
1982,128,65
1983,156,155
1984,149,77
1985,48,148
1986,164,97
1987,42,135
1988,73,64
1989,101,55
1990,41,141
1991,154,74
1992,113,189
1993,53,167
1994,175,125
1995,63,178
1996,130,188
1997,177,128
1998,41,86
1999,179,120
2000,74,53
2001,90,195
2002,52,176
2003,182,118
2004,31,97
2005,86,197
2006,52,62
2007,83,198
2008,80,44
2009,185,105
2010,131,43
2011,109,38
2012,32,80
2013,21,111
2014,113,36
2015,86,37
2016,155,192
2017,159,52
2018,182,164
2019,191,98
2020,57,45
2021,16,105
2022,171,58
2023,194,98
2024,158,45
2025,170,54
2026,199,123
2027,79,212
2028,164,46
2029,62,35
2030,202,122
2031,190,169
2032,114,23
2033,90,219
2034,136,216
2035,5,109
2036,193,71
2037,182,54
2038,7,152
2039,28,190
2040,143,24
2041,152,27
2042,133,223
2043,85,16
2044,104,13
2045,120,13
2046,147,223
2047,34,35
2048,138,13
2049,106,119
2050,108,118
2051,102,126
2052,105,114
2053,110,127
2054,98,126
2055,97,115
2056,96,127
2057,113,130
2058,107,108
2059,94,130
2060,108,136
2061,89,124
2062,88,125
2063,91,133
2064,123,113
2065,97,102
2066,117,139
2067,99,143
2068,96,143
2069,128,112
2070,126,106
2071,131,115
2072,124,141
2073,111,93
2074,93,94
2075,82,141
2076,98,152
2077,87,94
2078,115,89
2079,138,112
2080,101,156
2081,132,145
2082,129,93
2083,117,157
2084,119,157
2085,67,110
2086,100,81
2087,144,135
2088,140,97
2089,102,78
2090,138,92
2091,67,145
2092,150,112
2093,125,163
2094,60,106
2095,100,169
2096,56,118
2097,127,76
2098,103,172
2099,96,172
2100,155,105
2101,158,127
2102,157,106
2103,78,73
2104,155,96
2105,135,169
2106,58,154
2107,68,166
2108,49,140
2109,45,121
2110,136,69
2111,134,175
2112,150,78
2113,162,94
2114,63,73
2115,56,79
2116,112,56
2117,171,117
2118,172,124
2119,172,110
2120,97,189
2121,91,189
2122,100,51
2123,89,190
2124,169,153
2125,176,135
2126,65,182
2127,107,47
2128,89,48
2129,120,47
2130,59,60
2131,75,50
2132,129,195
2133,124,197
2134,178,90
2135,109,201
2136,77,197
2137,121,201
2138,185,102
2139,141,196
2140,187,104
2141,115,205
2142,22,101
2143,22,144
2144,20,139
2145,21,146
2146,62,198
2147,142,40
2148,153,45
2149,26,165
2150,39,184
2151,171,185
2152,52,197
2153,196,142
2154,191,159
2155,154,202
2156,38,53
2157,133,29
2158,46,44
2159,190,73
2160,96,23
2161,31,187
2162,71,27
2163,93,21
2164,155,33
2165,101,19
2166,151,29
2167,122,223
2168,8,83
2169,67,23
2170,168,206
2171,177,200
2172,107,13
2173,90,229
2174,28,42
2175,116,232
2176,66,15
2177,106,123
2178,102,124
2179,100,118
2180,105,128
2181,111,116
2182,109,129
2183,105,111
2184,105,132
2185,96,129
2186,103,134
2187,92,127
2188,120,118
2189,115,108
2190,90,130
2191,94,136
2192,87,113
2193,124,129
2194,123,109
2195,127,127
2196,114,99
2197,114,98
2198,90,142
2199,131,127
2200,125,102
2201,133,127
2202,78,133
2203,89,147
2204,112,90
2205,82,144
2206,99,154
2207,72,130
2208,100,86
2209,141,124
2210,69,113
2211,143,121
2212,141,107
2213,133,149
2214,121,158
2215,98,162
2216,129,156
2217,135,90
2218,96,78
2219,69,94
2220,72,153
2221,83,162
2222,129,80
2223,153,126
2224,154,124
2225,129,165
2226,147,150
2227,54,112
2228,54,108
2229,99,68
2230,90,69
2231,153,94
2232,87,68
2233,159,104
2234,138,74
2235,135,71
2236,156,151
2237,105,181
2238,142,169
2239,161,96
2240,48,96
2241,57,162
2242,90,183
2243,169,112
2244,79,181
2245,43,144
2246,133,60
2247,171,137
2248,173,113
2249,37,107
2250,52,75
2251,94,51
2252,96,192
2253,44,82
2254,93,193
2255,107,195
2256,170,84
2257,72,189
2258,151,60
2259,109,198
2260,167,74
2261,181,140
2262,61,187
2263,101,201
2264,186,121
2265,78,44
2266,32,159
2267,69,196
2268,59,191
2269,31,162
2270,186,94
2271,91,206
2272,20,103
2273,33,171
2274,193,115
2275,16,118
2276,146,201
2277,157,47
2278,30,173
2279,39,57
2280,73,208
2281,84,212
2282,54,42
2283,186,170
2284,193,158
2285,120,216
2286,107,218
2287,57,206
2288,186,65
2289,68,29
2290,19,70
2291,17,170
2292,180,53
2293,47,205
2294,14,169
2295,168,39
2296,42,38
2297,46,208
2298,92,226
2299,119,227
2300,160,28
2301,16,58
2302,114,231
2303,39,211
2304,144,15
2305,107,120
2306,101,119
2307,102,116
2308,112,121
2309,110,115
2310,101,113
2311,99,129
2312,105,110
2313,104,109
2314,107,134
2315,111,134
2316,90,118
2317,115,134
2318,114,106
2319,116,136
2320,97,139
2321,122,133
2322,111,100
2323,94,101
2324,114,143
2325,126,134
2326,90,100
2327,93,97
2328,111,94
2329,91,96
2330,99,150
2331,135,127
2332,118,150
2333,73,127
2334,75,136
2335,96,88
2336,140,116
2337,141,118
2338,141,129
2339,106,83
2340,119,85
2341,127,88
2342,110,81
2343,112,80
2344,81,86
2345,115,163
2346,72,92
2347,141,94
2348,138,153
2349,98,75
2350,141,90
2351,57,126
2352,101,72
2353,149,97
2354,152,101
2355,145,154
2356,149,92
2357,78,75
2358,157,136
2359,108,66
2360,87,174
2361,88,67
2362,58,88
2363,159,143
2364,152,157
2365,165,122
2366,142,73
2367,163,101
2368,80,64
2369,50,90
2370,71,67
2371,68,68
2372,64,172
2373,43,98
2374,49,158
2375,55,167
2376,45,154
2377,151,173
2378,67,62
2379,175,132
2380,71,184
2381,166,160
2382,32,121
2383,163,75
2384,142,186
2385,45,167
2386,157,177
2387,148,185
2388,152,183
2389,27,129
2390,131,196
2391,72,48
2392,66,192
2393,129,43
2394,143,194
2395,99,204
2396,28,154
2397,154,52
2398,29,160
2399,20,135
2400,180,165
2401,55,193
2402,57,47
2403,167,57
2404,66,202
2405,133,207
2406,196,128
2407,86,31
2408,42,53
2409,179,178
2410,156,200
2411,24,170
2412,172,189
2413,200,106
2414,8,123
2415,165,198
2416,24,65
2417,99,220
2418,19,172
2419,170,44
2420,65,214
2421,207,117
2422,9,84
2423,192,65
2424,168,38
2425,60,26
2426,125,17
2427,150,218
2428,173,205
2429,186,48
2430,37,208
2431,39,31
2432,90,233
2433,103,122
2434,103,125
2435,100,124
2436,98,121
2437,111,126
2438,101,129
2439,111,113
2440,94,121
2441,106,133
2442,103,108
2443,99,134
2444,102,106
2445,92,131
2446,96,136
2447,123,126
2448,115,104
2449,93,104
2450,99,142
2451,125,110
2452,118,101
2453,118,100
2454,93,98
2455,86,140
2456,126,103
2457,130,135
2458,111,92
2459,124,97
2460,76,108
2461,73,115
2462,72,127
2463,110,155
2464,130,96
2465,132,97
2466,125,152
2467,122,87
2468,112,159
2469,72,99
2470,78,91
2471,142,102
2472,76,152
2473,95,163
2474,148,112
2475,60,121
2476,138,89
2477,150,133
2478,146,145
2479,68,152
2480,66,151
2481,125,167
2482,85,74
2483,72,161
2484,157,130
2485,111,68
2486,57,96
2487,160,118
2488,123,68
2489,147,159
2490,162,128
2491,111,63
2492,69,74
2493,106,61
2494,165,130
2495,118,181
2496,159,90
2497,167,133
2498,53,158
2499,160,87
2500,126,183
2501,75,62
2502,68,65
2503,142,178
2504,165,154
2505,97,52
2506,59,68
2507,173,141
2508,120,191
2509,83,52
2510,172,150
2511,103,47
2512,151,62
2513,36,152
2514,49,69
2515,118,197
2516,35,87
2517,128,46
2518,37,162
2519,178,154
2520,34,160
2521,183,145
2522,143,48
2523,60,191
2524,77,200
2525,56,52
2526,182,158
2527,110,207
2528,166,59
2529,88,35
2530,17,127
2531,40,182
2532,186,160
2533,19,149
2534,172,183
2535,197,122
2536,137,34
2537,31,178
2538,182,175
2539,154,40
2540,173,54
2541,60,206
2542,25,176
2543,158,203
2544,52,38
2545,184,181
2546,201,149
2547,28,56
2548,198,81
2549,189,63
2550,47,36
2551,202,85
2552,199,76
2553,12,72
2554,193,180
2555,60,218
2556,101,229
2557,42,32
2558,173,208
2559,81,230
2560,104,8
2561,107,122
2562,107,125
2563,110,118
2564,100,116
2565,105,113
2566,113,117
2567,95,121
2568,116,121
2569,114,129
2570,92,123
2571,108,107
2572,109,136
2573,89,125
2574,118,109
2575,100,139
2576,91,135
2577,88,133
2578,121,106
2579,85,132
2580,125,108
2581,129,115
2582,82,109
2583,85,103
2584,87,100
2585,91,146
2586,76,127
2587,76,111
2588,118,92
2589,136,131
2590,75,106
2591,139,126
2592,80,96
2593,96,156
2594,93,156
2595,122,155
2596,67,113
2597,135,147
2598,145,127
2599,98,80
2600,134,152
2601,73,150
2602,63,108
2603,103,166
2604,73,154
2605,132,159
2606,98,74
2607,94,74
2608,81,164
2609,55,117
2610,152,141
2611,65,88
2612,137,79
2613,158,115
2614,82,170
2615,52,106
2616,147,84
2617,143,79
2618,152,154
2619,163,127
2620,89,64
2621,164,132
2622,45,112
2623,56,158
2624,59,79
2625,47,96
2626,146,170
2627,120,184
2628,84,59
2629,110,187
2630,133,182
2631,68,64
2632,67,64
2633,70,61
2634,174,108
2635,173,101
2636,159,168
2637,113,193
2638,148,62
2639,147,182
2640,116,47
2641,115,196
2642,181,113
2643,161,68
2644,71,51
2645,82,196
2646,152,57
2647,66,51
2648,66,50
2649,81,199
2650,52,184
2651,150,191
2652,133,200
2653,187,100
2654,25,91
2655,37,174
2656,131,204
2657,152,195
2658,177,70
2659,140,39
2660,45,54
2661,96,31
2662,61,201
2663,161,194
2664,192,153
2665,12,112
2666,108,27
2667,24,72
2668,68,33
2669,60,36
2670,85,26
2671,52,203
2672,188,68
2673,80,25
2674,105,21
2675,28,186
2676,200,156
2677,109,19
2678,20,179
2679,164,36
2680,56,213
2681,198,170
2682,10,168
2683,185,192
2684,64,221
2685,162,214
2686,37,34
2687,148,224
2688,109,8
2689,107,119
2690,107,117
2691,108,126
2692,104,128
2693,105,129
2694,97,117
2695,113,127
2696,106,110
2697,93,122
2698,92,118
2699,118,115
2700,120,117
2701,109,105
2702,93,108
2703,110,103
2704,91,107
2705,99,101
2706,121,136
2707,114,100
2708,129,121
2709,99,97
2710,80,128
2711,125,139
2712,123,100
2713,80,107
2714,130,137
2715,95,150
2716,136,128
2717,84,96
2718,135,106
2719,133,141
2720,122,90
2721,114,86
2722,105,158
2723,74,99
2724,143,113
2725,75,147
2726,74,147
2727,71,145
2728,86,83
2729,137,92
2730,105,165
2731,150,124
2732,105,75
2733,123,164
2734,58,114
2735,74,158
2736,60,141
2737,140,85
2738,58,141
2739,76,164
2740,153,143
2741,78,167
2742,159,117
2743,50,117
2744,49,121
2745,63,159
2746,75,72
2747,47,115
2748,47,109
2749,94,180
2750,162,100
2751,68,170
2752,63,167
2753,47,146
2754,64,170
2755,120,58
2756,167,100
2757,135,62
2758,137,62
2759,142,64
2760,168,94
2761,171,143
2762,162,162
2763,37,141
2764,63,63
2765,33,129
2766,172,92
2767,100,47
2768,174,150
2769,30,111
2770,70,53
2771,30,139
2772,175,87
2773,50,177
2774,152,185
2775,170,74
2776,58,187
2777,115,40
2778,145,49
2779,35,166
2780,25,146
2781,138,43
2782,56,191
2783,44,60
2784,23,150
2785,31,74
2786,70,40
2787,182,76
2788,148,200
2789,126,209
2790,166,189
2791,167,189
2792,142,36
2793,189,80
2794,28,175
2795,17,86
2796,174,187
2797,195,87
2798,32,185
2799,161,201
2800,65,31
2801,40,46
2802,205,122
2803,45,40
2804,20,66
2805,55,32
2806,50,34
2807,2,131
2808,197,72
2809,164,34
2810,154,27
2811,190,186
2812,100,13
2813,69,18
2814,128,229
2815,70,15
2816,63,226
2817,103,119
2818,103,117
2819,110,124
2820,106,114
2821,113,121
2822,109,113
2823,104,131
2824,116,122
2825,117,120
2826,93,115
2827,92,115
2828,90,125
2829,101,105
2830,93,134
2831,97,138
2832,92,106
2833,99,141
2834,125,112
2835,114,142
2836,105,97
2837,88,139
2838,98,146
2839,123,141
2840,130,133
2841,80,135
2842,89,146
2843,76,131
2844,83,98
2845,120,150
2846,85,94
2847,90,90
2848,122,152
2849,101,157
2850,128,150
2851,83,152
2852,132,149
2853,135,95
2854,131,152
2855,143,104
2856,66,138
2857,101,164
2858,149,122
2859,150,118
2860,71,90
2861,81,161
2862,123,165
2863,148,143
2864,85,76
2865,94,170
2866,125,74
2867,88,170
2868,147,153
2869,157,133
2870,148,154
2871,144,82
2872,104,65
2873,158,101
2874,50,138
2875,51,143
2876,163,133
2877,46,132
2878,48,100
2879,166,114
2880,43,115
2881,163,96
2882,45,99
2883,90,184
2884,113,56
2885,164,151
2886,58,169
2887,166,91
2888,37,130
2889,83,187
2890,146,64
2891,59,175
2892,163,79
2893,40,89
2894,32,119
2895,179,126
2896,178,138
2897,180,111
2898,173,86
2899,32,146
2900,32,94
2901,161,66
2902,179,150
2903,170,168
2904,103,202
2905,168,69
2906,187,129
2907,188,127
2908,37,170
2909,94,37
2910,175,72
2911,112,207
2912,134,203
2913,187,90
2914,75,38
2915,21,91
2916,148,42
2917,95,31
2918,141,205
2919,107,213
2920,194,95
2921,188,78
2922,11,118
2923,38,188
2924,195,153
2925,139,211
2926,13,152
2927,171,193
2928,153,207
2929,8,142
2930,107,221
2931,186,181
2932,20,176
2933,16,171
2934,171,200
2935,132,221
2936,37,42
2937,18,62
2938,76,223
2939,40,206
2940,141,223
2941,55,218
2942,47,215
2943,93,232
2944,110,234
2945,103,123
2946,109,123
2947,105,115
2948,110,126
2949,109,114
2950,113,125
2951,95,122
2952,103,110
2953,100,110
2954,99,109
2955,119,124
2956,94,110
2957,121,117
2958,110,138
2959,88,129
2960,90,108
2961,85,127
2962,89,136
2963,105,144
2964,81,120
2965,122,103
2966,80,114
2967,91,98
2968,122,99
2969,78,131
2970,89,96
2971,135,114
2972,127,144
2973,84,146
2974,122,92
2975,74,106
2976,79,97
2977,69,125
2978,142,122
2979,67,120
2980,93,158
2981,69,138
2982,79,90
2983,76,91
2984,88,82
2985,69,145
2986,71,149
2987,149,131
2988,67,95
2989,145,97
2990,61,103
2991,63,145
2992,154,115
2993,79,78
2994,102,172
2995,122,72
2996,137,163
2997,72,163
2998,72,164
2999,126,172
3000,161,120
3001,114,65
3002,51,101
3003,141,167
3004,83,66
3005,135,173
3006,62,78
3007,52,152
3008,45,138
3009,42,126
3010,134,178
3011,95,185
3012,41,135
3013,157,162
3014,110,54
3015,166,151
3016,160,162
3017,174,130
3018,168,152
3019,171,147
3020,77,187
3021,37,96
3022,178,123
3023,33,103
3024,31,109
3025,158,67
3026,140,189
3027,110,44
3028,158,64
3029,96,43
3030,179,92
3031,185,127
3032,186,119
3033,42,173
3034,97,39
3035,183,150
3036,25,96
3037,122,204
3038,140,43
3039,120,206
3040,79,38
3041,58,195
3042,112,209
3043,75,205
3044,62,42
3045,195,131
3046,192,149
3047,107,29
3048,44,191
3049,188,164
3050,119,28
3051,36,186
3052,35,56
3053,139,31
3054,32,57
3055,39,49
3056,127,217
3057,112,22
3058,5,123
3059,6,140
3060,160,206
3061,19,176
3062,91,223
3063,26,54
3064,89,224
3065,186,188
3066,76,19
3067,24,191
3068,131,226
3069,131,15
3070,123,12
3071,118,232
3072,89,9
3073,107,123
3074,109,119
3075,105,127
3076,106,128
3077,97,122
3078,105,130
3079,115,120
3080,103,132
3081,110,132
3082,114,111
3083,108,135
3084,116,110
3085,90,128
3086,88,116
3087,121,131
3088,86,127
3089,85,115
3090,116,140
3091,118,102
3092,129,122
3093,86,105
3094,130,128
3095,98,95
3096,115,95
3097,132,131
3098,126,142
3099,75,114
3100,82,143
3101,126,146
3102,134,138
3103,88,151
3104,71,111
3105,77,144
3106,104,84
3107,107,159
3108,117,84
3109,144,129
3110,139,99
3111,76,151
3112,126,158
3113,81,85
3114,61,119
3115,61,131
3116,79,159
3117,71,89
3118,61,139
3119,143,151
3120,111,72
3121,131,78
3122,72,82
3123,151,97
3124,147,89
3125,138,163
3126,100,175
3127,150,153
3128,161,123
3129,114,177
3130,125,67
3131,163,114
3132,70,73
3133,53,151
3134,51,149
3135,154,158
3136,44,108
3137,125,61
3138,42,110
3139,95,57
3140,49,155
3141,41,138
3142,172,126
3143,128,57
3144,50,162
3145,90,53
3146,36,134
3147,171,95
3148,160,75
3149,71,57
3150,129,52
3151,111,47
3152,179,133
3153,95,46
3154,180,106
3155,100,198
3156,88,197
3157,64,188
3158,156,60
3159,25,115
3160,27,143
3161,29,151
3162,181,89
3163,173,73
3164,80,201
3165,117,205
3166,190,131
3167,164,184
3168,42,61
3169,143,200
3170,17,114
3171,99,32
3172,184,164
3173,44,188
3174,50,48
3175,78,209
3176,35,60
3177,55,200
3178,159,198
3179,40,190
3180,56,39
3181,112,25
3182,50,41
3183,15,83
3184,127,25
3185,40,196
3186,12,84
3187,86,220
3188,202,92
3189,4,136
3190,15,71
3191,52,210
3192,56,29
3193,161,32
3194,67,22
3195,36,39
3196,121,14
3197,157,25
3198,54,219
3199,43,214
3200,54,222
3201,102,121
3202,101,123
3203,111,121
3204,112,122
3205,101,128
3206,105,112
3207,104,111
3208,107,132
3209,100,132
3210,114,131
3211,111,108
3212,117,131
3213,112,106
3214,122,116
3215,121,111
3216,86,115
3217,105,100
3218,94,140
3219,92,140
3220,98,144
3221,120,141
3222,81,131
3223,82,135
3224,98,148
3225,115,94
3226,84,142
3227,75,128
3228,126,97
3229,130,142
3230,112,154
3231,122,91
3232,139,131
3233,82,93
3234,107,158
3235,143,119
3236,133,94
3237,66,113
3238,119,159
3239,135,150
3240,63,114
3241,69,97
3242,149,123
3243,109,76
3244,79,83
3245,73,87
3246,117,75
3247,150,103
3248,87,75
3249,148,95
3250,108,172
3251,151,145
3252,122,71
3253,72,79
3254,51,116
3255,150,89
3256,161,119
3257,161,112
3258,125,175
3259,47,128
3260,112,62
3261,45,124
3262,115,181
3263,48,144
3264,152,80
3265,145,72
3266,116,184
3267,169,131
3268,123,58
3269,171,127
3270,88,186
3271,169,144
3272,64,176
3273,162,81
3274,39,145
3275,176,120
3276,128,189
3277,35,102
3278,174,145
3279,171,87
3280,60,181
3281,32,101
3282,162,70
3283,171,81
3284,73,192
3285,47,68
3286,166,70
3287,26,107
3288,118,201
3289,61,52
3290,169,173
3291,128,201
3292,80,41
3293,164,182
3294,53,53
3295,125,37
3296,168,61
3297,168,182
3298,129,36
3299,99,210
3300,184,78
3301,21,155
3302,160,48
3303,197,118
3304,70,207
3305,49,196
3306,28,67
3307,170,52
3308,10,111
3309,17,160
3310,110,218
3311,135,28
3312,79,216
3313,16,77
3314,161,38
3315,192,70
3316,134,218
3317,207,126
3318,147,215
3319,188,59
3320,62,26
3321,161,210
3322,108,15
3323,23,52
3324,27,196
3325,98,230
3326,58,21
3327,155,21
3328,99,8
3329,105,124
3330,105,116
3331,99,121
3332,110,116
3333,106,113
3334,96,121
3335,95,120
3336,110,111
3337,93,119
3338,96,111
3339,99,108
3340,95,109
3341,96,107
3342,100,138
3343,89,111
3344,117,105
3345,106,142
3346,124,132
3347,86,108
3348,112,98
3349,129,128
3350,81,111
3351,115,146
3352,98,94
3353,81,105
3354,127,141
3355,80,139
3356,129,100
3357,90,92
3358,98,154
3359,99,155
3360,118,154
3361,128,149
3362,103,158
3363,96,84
3364,68,133
3365,69,104
3366,116,160
3367,117,81
3368,72,94
3369,72,93
3370,61,124
3371,109,166
3372,131,83
3373,59,129
3374,151,109
3375,153,128
3376,59,103
3377,79,164
3378,54,124
3379,152,143
3380,79,75
3381,156,137
3382,126,71
3383,58,92
3384,90,175
3385,68,164
3386,60,85
3387,48,134
3388,98,62
3389,45,118
3390,77,175
3391,97,182
3392,146,168
3393,111,184
3394,42,132
3395,145,172
3396,81,182
3397,39,115
3398,38,126
3399,125,56
3400,172,106
3401,80,56
3402,138,59
3403,143,61
3404,121,191
3405,69,184
3406,42,158
3407,157,174
3408,165,76
3409,53,66
3410,162,172
3411,179,99
3412,176,153
3413,125,45
3414,28,141
3415,31,90
3416,92,201
3417,54,57
3418,25,141
3419,145,194
3420,148,49
3421,43,179
3422,37,69
3423,181,80
3424,45,184
3425,63,198
3426,81,36
3427,34,67
3428,118,32
3429,165,53
3430,89,31
3431,14,135
3432,15,98
3433,176,182
3434,40,53
3435,20,163
3436,12,99
3437,189,74
3438,202,126
3439,138,213
3440,131,216
3441,121,23
3442,188,177
3443,201,152
3444,89,21
3445,3,116
3446,119,19
3447,144,25
3448,17,177
3449,43,36
3450,109,227
3451,79,17
3452,135,225
3453,51,26
3454,150,222
3455,57,222
3456,142,228
3457,105,118
3458,109,118
3459,99,120
3460,98,122
3461,101,114
3462,96,122
3463,106,131
3464,110,131
3465,117,123
3466,113,132
3467,118,127
3468,91,128
3469,119,130
3470,119,132
3471,87,127
3472,85,121
3473,126,122
3474,127,121
3475,82,120
3476,82,114
3477,129,114
3478,104,147
3479,80,131
3480,132,128
3481,81,137
3482,77,111
3483,132,106
3484,81,142
3485,134,136
3486,72,114
3487,99,87
3488,132,98
3489,73,104
3490,141,112
3491,70,136
3492,70,104
3493,74,146
3494,94,160
3495,145,109
3496,132,88
3497,138,149
3498,108,165
3499,60,125
3500,107,167
3501,140,90
3502,68,151
3503,98,169
3504,79,163
3505,100,71
3506,144,154
3507,83,74
3508,131,167
3509,112,174
3510,52,109
3511,134,168
3512,102,177
3513,142,78
3514,60,157
3515,92,178
3516,163,108
3517,63,164
3518,147,77
3519,148,165
3520,43,128
3521,46,144
3522,104,185
3523,134,179
3524,53,81
3525,79,60
3526,65,67
3527,125,186
3528,115,189
3529,68,180
3530,111,191
3531,45,159
3532,121,51
3533,96,49
3534,108,48
3535,51,172
3536,165,166
3537,49,70
3538,48,172
3539,59,59
3540,143,53
3541,121,44
3542,89,199
3543,136,47
3544,186,118
3545,38,74
3546,96,203
3547,82,41
3548,93,204
3549,167,63
3550,157,53
3551,29,80
3552,106,34
3553,165,185
3554,23,154
3555,155,195
3556,68,203
3557,180,172
3558,195,137
3559,181,69
3560,53,44
3561,134,210
3562,37,56
3563,21,165
3564,197,95
3565,40,192
3566,100,24
3567,170,48
3568,180,185
3569,203,137
3570,120,220
3571,9,152
3572,157,34
3573,73,24
3574,155,211
3575,9,160
3576,113,225
3577,20,183
3578,31,45
3579,19,57
3580,135,17
3581,43,211
3582,150,20
3583,157,220
3584,160,220
3585,108,121
3586,101,118
3587,104,127
3588,112,120
3589,104,129
3590,106,112
3591,106,111
3592,107,110
3593,98,131
3594,109,134
3595,97,133
3596,119,128
3597,91,112
3598,91,110
3599,99,103
3600,125,121
3601,96,140
3602,107,143
3603,124,134
3604,88,138
3605,120,101
3606,79,120
3607,130,111
3608,128,137
3609,121,145
3610,85,143
3611,104,90
3612,129,142
3613,75,134
3614,98,88
3615,111,87
3616,132,144
3617,122,153
3618,96,157
3619,140,136
3620,131,92
3621,136,96
3622,112,81
3623,117,161
3624,120,161
3625,77,88
3626,115,78
3627,84,81
3628,151,119
3629,140,152
3630,68,91
3631,152,133
3632,76,81
3633,142,155
3634,108,70
3635,91,71
3636,54,135
3637,55,102
3638,52,133
3639,160,126
3640,141,164
3641,91,66
3642,73,169
3643,162,134
3644,85,177
3645,101,181
3646,79,176
3647,53,88
3648,82,179
3649,128,180
3650,161,90
3651,47,92
3652,169,106
3653,158,81
3654,65,175
3655,106,53
3656,37,111
3657,40,96
3658,150,175
3659,146,63
3660,49,76
3661,177,112
3662,168,158
3663,159,70
3664,180,123
3665,134,191
3666,128,48
3667,83,47
3668,157,179
3669,121,198
3670,89,43
3671,74,195
3672,156,58
3673,178,84
3674,187,112
3675,53,56
3676,22,133
3677,163,59
3678,184,154
3679,47,185
3680,192,120
3681,149,45
3682,42,183
3683,72,204
3684,82,208
3685,156,46
3686,59,200
3687,27,72
3688,157,198
3689,76,32
3690,101,215
3691,82,29
3692,29,179
3693,12,96
3694,66,210
3695,128,216
3696,196,159
3697,15,163
3698,158,36
3699,183,185
3700,199,159
3701,137,24
3702,55,211
3703,39,201
3704,196,172
3705,98,226
3706,126,225
3707,201,73
3708,31,42
3709,96,230
3710,133,228
3711,153,222
3712,132,11
3713,106,118
3714,102,117
3715,104,115
3716,100,126
3717,104,113
3718,104,112
3719,107,111
3720,95,116
3721,112,111
3722,109,108
3723,113,109
3724,98,107
3725,89,116
3726,113,137
3727,123,115
3728,105,141
3729,106,100
3730,127,119
3731,86,134
3732,88,104
3733,112,145
3734,79,122
3735,80,111
3736,82,105
3737,89,97
3738,127,101
3739,106,90
3740,84,97
3741,112,153
3742,133,102
3743,92,153
3744,82,148
3745,137,104
3746,108,84
3747,114,158
3748,86,155
3749,80,90
3750,65,128
3751,74,93
3752,90,81
3753,77,154
3754,148,131
3755,145,100
3756,108,75
3757,70,152
3758,113,168
3759,79,80
3760,134,161
3761,62,95
3762,149,147
3763,55,107
3764,91,172
3765,76,76
3766,59,150
3767,93,67
3768,49,124
3769,156,96
3770,57,153
3771,56,89
3772,125,65
3773,165,125
3774,160,147
3775,72,173
3776,98,59
3777,122,60
3778,41,119
3779,43,140
3780,160,157
3781,145,68
3782,151,72
3783,85,56
3784,49,81
3785,86,54
3786,51,76
3787,47,162
3788,49,166
3789,34,106
3790,152,65
3791,75,53
3792,30,123
3793,144,56
3794,41,79
3795,127,195
3796,173,159
3797,35,157
3798,184,131
3799,156,183
3800,146,191
3801,140,47
3802,147,192
3803,112,204
3804,158,186
3805,22,139
3806,176,169
3807,135,40
3808,18,120
3809,61,45
3810,159,191
3811,22,88
3812,33,67
3813,30,70
3814,184,167
3815,154,43
3816,45,192
3817,19,158
3818,196,97
3819,128,29
3820,79,29
3821,199,142
3822,194,160
3823,155,37
3824,55,206
3825,21,68
3826,151,210
3827,129,219
3828,199,83
3829,137,218
3830,147,27
3831,71,219
3832,25,188
3833,171,39
3834,202,164
3835,45,32
3836,53,216
3837,68,224
3838,165,28
3839,164,26
3840,164,218
3841,102,120
3842,110,121
3843,111,120
3844,104,114
3845,113,122
3846,106,130
3847,103,111
3848,116,119
3849,102,109
3850,101,108
3851,93,113
3852,119,114
3853,100,137
3854,89,113
3855,87,115
3856,106,141
3857,124,112
3858,107,99
3859,112,143
3860,87,105
3861,90,141
3862,119,143
3863,105,148
3864,133,122
3865,98,149
3866,124,144
3867,134,132
3868,132,138
3869,112,89
3870,77,102
3871,73,108
3872,135,140
3873,120,88
3874,68,118
3875,86,88
3876,76,95
3877,140,102
3878,124,157
3879,77,152
3880,128,85
3881,100,78
3882,149,117
3883,64,102
3884,75,156
3885,149,105
3886,131,161
3887,76,82
3888,134,81
3889,120,169
3890,131,165
3891,85,73
3892,154,101
3893,92,69
3894,121,173
3895,141,79
3896,157,142
3897,55,148
3898,53,96
3899,160,101
3900,161,141
3901,61,162
3902,150,162
3903,155,157
3904,156,85
3905,92,183
3906,89,59
3907,132,62
3908,76,180
3909,126,58
3910,163,87
3911,43,149
3912,121,188
3913,46,158
3914,140,182
3915,60,66
3916,46,80
3917,90,192
3918,118,49
3919,135,189
3920,102,196
3921,44,76
3922,79,193
3923,54,179
3924,182,109
3925,141,51
3926,43,71
3927,54,59
3928,24,116
3929,186,109
3930,89,40
3931,63,49
3932,105,205
3933,48,58
3934,153,192
3935,188,97
3936,107,208
3937,93,34
3938,169,182
3939,121,33
3940,195,120
3941,182,169
3942,174,61
3943,147,203
3944,165,192
3945,198,110
3946,129,30
3947,175,57
3948,116,26
3949,97,217
3950,144,210
3951,196,157
3952,202,139
3953,204,113
3954,46,202
3955,41,43
3956,24,182
3957,99,223
3958,206,101
3959,204,90
3960,146,217
3961,97,16
3962,182,48
3963,48,212
3964,25,194
3965,74,16
3966,140,16
3967,30,38
3968,46,24
3969,104,118
3970,108,117
3971,106,127
3972,98,120
3973,106,129
3974,104,130
3975,107,131
3976,115,126
3977,108,109
3978,92,117
3979,113,133
3980,100,106
3981,121,116
3982,121,113
3983,105,102
3984,85,122
3985,96,102
3986,83,123
3987,112,99
3988,103,145
3989,106,96
3990,91,143
3991,105,94
3992,133,120
3993,77,114
3994,112,150
3995,116,150
3996,78,104
3997,133,104
3998,138,113
3999,130,145
4000,124,151
4001,110,157
4002,138,138
4003,142,130
4004,76,147
4005,143,133
4006,88,158
4007,144,136
4008,146,133
4009,91,162
4010,78,86
4011,91,164
4012,75,86
4013,60,134
4014,65,95
4015,66,92
4016,145,92
4017,153,106
4018,90,170
4019,125,169
4020,157,111
4021,52,129
4022,61,89
4023,63,157
4024,84,173
4025,78,71
4026,96,178
4027,163,129
4028,65,77
4029,163,105
4030,158,151
4031,119,61
4032,65,73
4033,98,184
4034,155,81
4035,46,94
4036,163,90
4037,58,74
4038,43,95
4039,37,119
4040,44,89
4041,124,188
4042,37,139
4043,36,138
4044,166,83
4045,34,136
4046,178,116
4047,43,80
4048,179,108
4049,66,186
4050,131,49
4051,111,198
4052,148,56
4053,34,155
4054,180,148
4055,25,128
4056,41,71
4057,24,109
4058,186,137
4059,187,106
4060,103,205
4061,143,45
4062,116,36
4063,174,173
4064,101,208
4065,39,63
4066,40,61
4067,193,105
4068,124,33
4069,153,198
4070,36,181
4071,145,204
4072,34,61
4073,94,28
4074,141,208
4075,65,207
4076,42,49
4077,177,185
4078,47,199
4079,118,218
4080,11,91
4081,200,92
4082,153,209
4083,203,97
4084,114,222
4085,84,21
4086,208,120
4087,204,152
4088,5,91
4089,113,16
4090,148,24
4091,42,208
4092,33,202
4093,94,12
4094,168,30
4095,126,231
4096,55,19
4097,104,124
4098,100,121
4099,99,122
4100,99,117
4101,112,117
4102,114,122
4103,95,119
4104,95,126
4105,102,133
4106,92,125
4107,109,107
4108,96,134
4109,110,105
4110,121,129
4111,124,121
4112,125,120
4113,124,130
4114,126,114
4115,103,98
4116,107,145
4117,80,122
4118,124,103
4119,88,142
4120,77,119
4121,85,100
4122,134,128
4123,97,91
4124,122,148
4125,116,152
4126,72,113
4127,86,150
4128,70,127
4129,110,85
4130,139,106
4131,114,84
4132,144,121
4133,142,136
4134,129,154
4135,90,160
4136,120,81
4137,86,82
4138,140,94
4139,148,135
4140,135,86
4141,60,108
4142,131,81
4143,76,160
4144,117,169
4145,153,136
4146,56,136
4147,85,169
4148,77,166
4149,113,68
4150,156,140
4151,53,140
4152,57,150
4153,155,148
4154,54,94
4155,132,69
4156,61,81
4157,89,63
4158,145,75
4159,44,112
4160,57,81
4161,144,171
4162,108,57
4163,53,160
4164,152,75
4165,87,57
4166,99,54
4167,117,188
4168,42,149
4169,159,77
4170,98,191
4171,102,50
4172,67,182
4173,133,188
4174,32,127
4175,98,195
4176,118,195
4177,155,64
4178,175,90
4179,177,149
4180,33,151
4181,81,196
4182,94,42
4183,29,95
4184,185,135
4185,117,40
4186,89,202
4187,28,89
4188,189,119
4189,67,197
4190,20,132
4191,26,156
4192,186,153
4193,171,63
4194,45,56
4195,96,210
4196,173,62
4197,182,73
4198,14,130
4199,149,40
4200,196,102
4201,116,28
4202,35,184
4203,19,81
4204,149,206
4205,10,105
4206,21,72
4207,8,108
4208,72,214
4209,14,161
4210,193,169
4211,49,205
4212,4,130
4213,126,221
4214,2,122
4215,74,220
4216,115,225
4217,158,212
4218,178,198
4219,132,17
4220,19,187
4221,154,23
4222,39,210
4223,105,233
4224,124,9
4225,108,120
4226,102,125
4227,106,115
4228,101,115
4229,112,125
4230,103,130
4231,115,123
4232,94,123
4233,93,124
4234,97,110
4235,119,117
4236,100,136
4237,117,133
4238,105,139
4239,104,102
4240,103,101
4241,84,120
4242,84,128
4243,103,144
4244,123,105
4245,104,96
4246,131,118
4247,84,138
4248,113,94
4249,126,141
4250,124,98
4251,113,91
4252,132,104
4253,74,110
4254,130,98
4255,124,92
4256,135,102
4257,69,116
4258,90,155
4259,68,130
4260,103,160
4261,84,155
4262,138,97
4263,66,106
4264,90,161
4265,143,100
4266,119,163
4267,119,78
4268,115,76
4269,79,82
4270,89,76
4271,144,150
4272,57,109
4273,138,83
4274,148,93
4275,53,122
4276,105,68
4277,53,108
4278,51,114
4279,52,137
4280,76,169
4281,69,77
4282,123,176
4283,70,168
4284,88,178
4285,150,81
4286,94,61
4287,87,180
4288,91,60
4289,55,160
4290,141,68
4291,157,160
4292,83,183
4293,151,169
4294,155,166
4295,102,53
4296,128,186
4297,73,59
4298,35,114
4299,174,104
4300,176,109
4301,60,178
4302,151,178
4303,35,146
4304,31,134
4305,55,178
4306,35,90
4307,29,107
4308,33,91
4309,30,145
4310,94,200
4311,29,147
4312,186,115
4313,133,198
4314,182,151
4315,182,153
4316,53,187
4317,118,205
4318,190,110
4319,184,86
4320,124,206
4321,191,139
4322,32,71
4323,77,36
4324,102,211
4325,19,92
4326,80,209
4327,24,77
4328,75,209
4329,45,49
4330,199,115
4331,51,199
4332,149,36
4333,142,32
4334,202,114
4335,168,196
4336,181,58
4337,201,95
4338,73,216
4339,189,177
4340,39,198
4341,53,33
4342,104,18
4343,3,102
4344,202,160
4345,158,30
4346,27,49
4347,181,45
4348,78,226
4349,47,28
4350,171,32
4351,161,24
4352,117,8
4353,108,122
4354,105,126
4355,111,122
4356,109,115
4357,97,120
4358,99,114
4359,110,112
4360,113,129
4361,117,118
4362,94,113
4363,101,135
4364,90,116
4365,97,106
4366,115,106
4367,103,140
4368,107,101
4369,114,102
4370,112,142
4371,128,123
4372,121,139
4373,83,109
4374,87,140
4375,88,100
4376,78,129
4377,76,121
4378,76,114
4379,79,138
4380,75,110
4381,97,89
4382,80,144
4383,76,140
4384,75,102
4385,141,116
4386,137,102
4387,102,83
4388,135,146
4389,71,142
4390,84,86
4391,78,89
4392,117,162
4393,147,110
4394,147,107
4395,100,76
4396,147,140
4397,144,95
4398,121,76
4399,134,82
4400,112,170
4401,152,103
4402,77,164
4403,146,89
4404,158,122
4405,118,69
4406,65,84
4407,98,66
4408,157,100
4409,157,144
4410,84,175
4411,58,86
4412,122,178
4413,110,61
4414,105,60
4415,77,66
4416,166,135
4417,77,64
4418,108,185
4419,66,69
4420,132,61
4421,169,103
4422,155,76
4423,108,53
4424,39,101
4425,135,184
4426,132,56
4427,34,118
4428,177,122
4429,162,166
4430,32,114
4431,176,143
4432,31,108
4433,177,145
4434,55,63
4435,98,198
4436,106,199
4437,165,172
4438,116,200
4439,128,198
4440,26,140
4441,28,93
4442,75,198
4443,97,38
4444,21,118
4445,169,65
4446,60,194
4447,70,200
4448,170,179
4449,189,147
4450,191,100
4451,133,36
4452,27,76
4453,164,52
4454,54,45
4455,61,40
4456,105,28
4457,177,61
4458,30,64
4459,135,211
4460,145,208
4461,182,179
4462,15,158
4463,42,46
4464,69,213
4465,155,207
4466,10,89
4467,21,65
4468,122,21
4469,98,19
4470,104,224
4471,86,19
4472,66,218
4473,52,212
4474,52,29
4475,82,226
4476,46,212
4477,184,45
4478,85,230
4479,61,224
4480,146,227
4481,102,122
4482,101,124
4483,99,119
4484,101,127
4485,98,125
4486,103,112
4487,100,130
4488,97,129
4489,111,110
4490,116,113
4491,112,134
4492,114,134
4493,90,129
4494,90,131
4495,107,102
4496,85,123
4497,103,142
4498,126,128
4499,102,98
4500,89,103
4501,115,98
4502,124,139
4503,132,120
4504,102,93
4505,106,92
4506,78,108
4507,103,152
4508,75,132
4509,72,121
4510,75,137
4511,139,128
4512,111,86
4513,74,140
4514,137,140
4515,67,124
4516,80,151
4517,139,142
4518,143,106
4519,132,153
4520,82,157
4521,111,164
4522,61,116
4523,136,154
4524,102,75
4525,131,82
4526,118,75
4527,113,73
4528,140,156
4529,72,159
4530,99,172
4531,102,69
4532,158,120
4533,131,74
4534,65,158
4535,148,156
4536,116,66
4537,82,173
4538,49,106
4539,58,156
4540,162,138
4541,45,126
4542,116,61
4543,65,74
4544,77,177
4545,42,113
4546,130,180
4547,89,184
4548,165,94
4549,119,186
4550,172,115
4551,139,62
4552,36,122
4553,42,91
4554,78,56
4555,88,190
4556,106,193
4557,64,61
4558,71,56
4559,83,50
4560,162,72
4561,177,97
4562,167,166
4563,46,71
4564,27,119
4565,39,164
4566,184,110
4567,97,41
4568,86,200
4569,30,88
4570,152,53
4571,22,113
4572,176,166
4573,20,124
4574,136,201
4575,40,64
4576,40,179
4577,79,205
4578,191,142
4579,18,142
4580,70,204
4581,87,210
4582,14,111
4583,15,101
4584,12,121
4585,87,213
4586,195,149
4587,199,134
4588,151,37
4589,28,179
4590,142,31
4591,10,145
4592,163,41
4593,95,220
4594,205,128
4595,8,93
4596,206,111
4597,112,19
4598,208,123
4599,50,209
4600,4,148
4601,83,18
4602,89,226
4603,128,16
4604,194,59
4605,184,197
4606,76,228
4607,173,32
4608,64,227
4609,106,124
4610,109,124
4611,107,127
4612,109,127
4613,98,117
4614,96,119
4615,96,116
4616,113,113
4617,111,132
4618,118,125
4619,98,108
4620,89,121
4621,97,136
4622,115,136
4623,118,107
4624,103,141
4625,103,100
4626,118,139
4627,102,144
4628,129,123
4629,95,98
4630,113,96
4631,103,148
4632,108,149
4633,104,150
4634,123,145
4635,88,147
4636,135,110
4637,106,88
4638,135,137
4639,128,95
4640,133,99
4641,86,152
4642,110,158
4643,78,148
4644,143,130
4645,81,153
4646,105,162
4647,70,98
4648,63,113
4649,148,115
4650,146,138
4651,150,126
4652,101,167
4653,59,112
4654,118,167
4655,89,167
4656,154,114
4657,56,133
4658,146,152
4659,157,118
4660,52,120
4661,152,147
4662,154,97
4663,62,86
4664,109,177
4665,134,170
4666,64,80
4667,140,74
4668,48,104
4669,156,153
4670,166,121
4671,166,111
4672,154,160
4673,52,156
4674,100,185
4675,168,137
4676,57,76
4677,149,71
4678,39,108
4679,139,180
4680,93,53
4681,160,164
4682,119,52
4683,34,125
4684,104,193
4685,165,162
4686,40,155
4687,80,191
4688,146,58
4689,122,47
4690,181,131
4691,174,156
4692,172,81
4693,137,193
4694,84,44
4695,134,196
4696,59,54
4697,176,162
4698,126,41
4699,171,172
4700,29,157
4701,190,118
4702,74,201
4703,30,78
4704,179,75
4705,21,95
4706,19,100
4707,84,208
4708,22,156
4709,23,82
4710,190,155
4711,179,66
4712,132,32
4713,27,173
4714,11,114
4715,168,192
4716,178,59
4717,88,216
4718,89,25
4719,105,219
4720,202,102
4721,143,213
4722,204,105
4723,125,220
4724,150,212
4725,206,105
4726,108,224
4727,11,77
4728,166,206
4729,122,17
4730,112,15
4731,30,198
4732,82,15
4733,173,35
4734,134,14
4735,61,18
4736,41,27
4737,102,119
4738,108,125
4739,103,115
4740,99,125
4741,103,113
4742,111,128
4743,110,130
4744,97,113
4745,99,132
4746,116,129
4747,112,108
4748,105,137
4749,122,121
4750,99,138
4751,119,108
4752,114,139
4753,84,119
4754,87,108
4755,108,144
4756,127,111
4757,130,119
4758,85,138
4759,107,148
4760,97,148
4761,134,122
4762,81,103
4763,122,95
4764,73,120
4765,138,122
4766,119,152
4767,79,98
4768,112,86
4769,124,90
4770,100,158
4771,143,125
4772,126,154
4773,73,145
4774,64,121
4775,64,112
4776,79,155
4777,94,163
4778,94,164
4779,82,160
4780,119,77
4781,126,79
4782,152,112
4783,121,167
4784,70,156
4785,82,166
4786,136,162
4787,157,124
4788,107,174
4789,56,143
4790,141,162
4791,81,71
4792,49,117
4793,56,92
4794,74,72
4795,76,172
4796,130,175
4797,100,61
4798,165,110
4799,129,178
4800,45,103
4801,52,86
4802,169,126
4803,104,56
4804,150,73
4805,61,71
4806,171,134
4807,149,173
4808,117,53
4809,44,155
4810,149,176
4811,74,185
4812,169,88
4813,115,49
4814,35,143
4815,169,83
4816,61,60
4817,179,104
4818,85,195
4819,113,44
4820,65,54
4821,59,185
4822,122,199
4823,168,71
4824,38,167
4825,64,192
4826,164,63
4827,171,70
4828,21,116
4829,79,202
4830,25,152
4831,114,35
4832,119,35
4833,48,54
4834,184,81
4835,189,90
4836,188,86
4837,22,84
4838,46,51
4839,14,106
4840,16,94
4841,117,214
4842,167,50
4843,187,73
4844,43,194
4845,185,175
4846,201,137
4847,102,23
4848,86,218
4849,67,29
4850,140,215
4851,52,207
4852,15,74
4853,184,56
4854,194,173
4855,4,97
4856,16,66
4857,122,225
4858,72,20
4859,71,223
4860,187,192
4861,81,14
4862,57,221
4863,144,226
4864,151,17
4865,103,118
4866,106,116
4867,103,127
4868,111,125
4869,97,119
4870,114,119
4871,114,126
4872,102,110
4873,94,127
4874,117,114
4875,115,110
4876,121,121
4877,104,104
4878,120,131
4879,118,135
4880,102,141
4881,87,110
4882,123,108
4883,84,131
4884,108,97
4885,128,111
4886,97,146
4887,103,94
4888,133,124
4889,76,120
4890,129,139
4891,74,123
4892,85,146
4893,86,94
4894,106,87
4895,116,154
4896,70,128
4897,83,92
4898,140,134
4899,79,149
4900,72,100
4901,137,145
4902,64,122
4903,146,112
4904,131,87
4905,111,78
4906,141,147
4907,66,98
4908,59,117
4909,63,142
4910,96,168
4911,89,75
4912,56,128
4913,74,161
4914,64,90
4915,61,149
4916,107,68
4917,58,147
4918,154,145
4919,56,147
4920,100,65
4921,105,178
4922,147,161
4923,134,172
4924,130,67
4925,140,72
4926,106,182
4927,162,145
4928,131,178
4929,140,174
4930,169,116
4931,104,186
4932,60,73
4933,149,171
4934,41,100
4935,53,165
4936,174,124
4937,166,87
4938,61,176
4939,109,50
4940,40,152
4941,33,111
4942,135,54
4943,143,57
4944,30,127
4945,105,197
4946,31,101
4947,142,189
4948,27,125
4949,181,142
4950,183,138
4951,59,55
4952,98,202
4953,105,39
4954,45,64
4955,24,101
4956,124,39
4957,71,43
4958,156,190
4959,191,112
4960,59,47
4961,105,209
4962,25,159
4963,21,152
4964,101,31
4965,188,158
4966,27,169
4967,185,75
4968,103,214
4969,12,109
4970,113,27
4971,200,119
4972,14,91
4973,95,217
4974,8,113
4975,9,101
4976,167,44
4977,204,110
4978,97,21
4979,164,39
4980,195,168
4981,26,56
4982,10,81
4983,21,60
4984,194,176
4985,47,33
4986,35,41
4987,87,15
4988,142,19
4989,86,13
4990,164,215
4991,101,9
4992,134,231
4993,103,124
4994,106,126
4995,111,119
4996,111,117
4997,113,119
4998,96,123
4999,114,116
5000,108,132
5001,116,115
5002,112,109
5003,116,131
5004,121,122
5005,116,108
5006,111,104
5007,124,123
5008,125,118
5009,116,139
5010,109,99
5011,93,101
5012,81,118
5013,103,146
5014,97,96
5015,132,123
5016,132,129
5017,83,102
5018,135,121
5019,127,99
5020,80,101
5021,124,94
5022,119,90
5023,138,110
5024,89,153
5025,115,156
5026,100,84
5027,137,100
5028,138,142
5029,129,153
5030,146,122
5031,105,79
5032,139,147
5033,88,81
5034,143,144
5035,122,79
5036,59,125
5037,152,121
5038,84,164
5039,151,137
5040,71,85
5041,65,90
5042,136,80
5043,53,117
5044,68,159
5045,56,99
5046,81,170
5047,136,167
5048,110,65
5049,50,136
5050,63,81
5051,147,80
5052,51,96
5053,99,181
5054,55,86
5055,165,106
5056,75,66
5057,161,151
5058,100,57
5059,40,118
5060,86,184
5061,51,160
5062,98,188
5063,149,69
5064,169,147
5065,77,185
5066,145,179
5067,81,188
5068,136,56
5069,177,131
5070,47,76
5071,177,102
5072,99,46
5073,139,53
5074,121,196
5075,28,113
5076,87,45
5077,145,189
5078,75,47
5079,125,43
5080,174,164
5081,87,41
5082,180,86
5083,85,40
5084,21,127
5085,176,74
5086,20,133
5087,190,105
5088,18,126
5089,105,33
5090,115,33
5091,191,146
5092,109,211
5093,68,38
5094,15,138
5095,133,33
5096,65,37
5097,93,214
5098,199,129
5099,125,28
5100,188,169
5101,27,64
5102,159,202
5103,29,183
5104,7,134
5105,7,103
5106,97,221
5107,187,62
5108,148,29
5109,207,129
5110,109,224
5111,170,40
5112,59,215
5113,193,63
5114,14,176
5115,12,67
5116,74,225
5117,30,201
5118,106,10
5119,75,13
5120,69,229
5121,107,124
5122,104,126
5123,107,115
5124,98,123
5125,103,129
5126,114,123
5127,96,126
5128,116,124
5129,101,109
5130,93,128
5131,119,116
5132,106,105
5133,94,134
5134,99,104
5135,92,135
5136,85,118
5137,98,101
5138,127,117
5139,88,137
5140,126,109
5141,103,96
5142,88,101
5143,78,123
5144,118,146
5145,83,140
5146,87,145
5147,83,99
5148,104,153
5149,124,148
5150,91,152
5151,116,88
5152,89,89
5153,70,111
5154,95,85
5155,126,153
5156,66,118
5157,105,161
5158,75,93
5159,63,121
5160,67,141
5161,145,104
5162,73,152
5163,88,79
5164,76,157
5165,58,121
5166,147,98
5167,149,100
5168,139,157
5169,74,81
5170,93,71
5171,133,165
5172,142,83
5173,67,83
5174,158,108
5175,131,72
5176,160,109
5177,104,64
5178,47,120
5179,64,163
5180,113,180
5181,111,181
5182,47,140
5183,137,68
5184,96,183
5185,167,107
5186,125,182
5187,102,56
5188,72,178
5189,39,130
5190,38,128
5191,101,189
5192,131,185
5193,173,137
5194,142,181
5195,170,150
5196,107,49
5197,143,183
5198,69,57
5199,33,140
5200,34,96
5201,37,155
5202,176,92
5203,56,181
5204,80,47
5205,173,161
5206,171,166
5207,71,194
5208,46,65
5209,184,143
5210,24,138
5211,125,202
5212,167,178
5213,170,176
5214,188,143
5215,89,36
5216,110,34
5217,102,33
5218,176,174
5219,194,111
5220,190,151
5221,92,211
5222,23,162
5223,74,34
5224,102,28
5225,140,208
5226,139,33
5227,158,42
5228,10,134
5229,162,199
5230,12,150
5231,13,87
5232,152,34
5233,87,23
5234,175,193
5235,164,203
5236,69,26
5237,48,36
5238,7,89
5239,3,141
5240,31,195
5241,170,204
5242,50,30
5243,142,222
5244,116,13
5245,50,216
5246,170,211
5247,47,217
5248,149,16
5249,107,118
5250,100,120
5251,111,123
5252,112,123
5253,107,129
5254,99,128
5255,100,112
5256,96,114
5257,101,133
5258,117,128
5259,95,132
5260,121,120
5261,122,122
5262,88,115
5263,90,109
5264,125,124
5265,112,141
5266,85,131
5267,109,98
5268,93,142
5269,80,124
5270,109,147
5271,131,113
5272,92,96
5273,79,134
5274,104,91
5275,102,90
5276,106,89
5277,138,120
5278,74,135
5279,97,87
5280,73,137
5281,118,155
5282,95,157
5283,73,142
5284,144,118
5285,104,81
5286,139,98
5287,104,163
5288,125,159
5289,122,161
5290,112,165
5291,147,104
5292,69,92
5293,106,74
5294,82,79
5295,118,168
5296,139,85
5297,55,113
5298,155,109
5299,116,70
5300,68,83
5301,96,174
5302,158,134
5303,127,172
5304,74,74
5305,106,178
5306,152,87
5307,96,63
5308,46,129
5309,45,115
5310,157,89
5311,73,68
5312,135,66
5313,167,135
5314,128,61
5315,169,109
5316,48,154
5317,45,150
5318,69,178
5319,157,77
5320,109,190
5321,121,53
5322,127,188
5323,170,92
5324,175,138
5325,125,191
5326,86,192
5327,124,193
5328,130,50
5329,43,165
5330,46,170
5331,120,45
5332,30,99
5333,107,42
5334,150,187
5335,145,191
5336,46,177
5337,155,186
5338,178,82
5339,46,180
5340,48,183
5341,58,50
5342,127,204
5343,89,206
5344,53,191
5345,108,209
5346,136,204
5347,157,194
5348,110,31
5349,181,71
5350,163,192
5351,182,172
5352,119,213
5353,32,62
5354,177,182
5355,110,216
5356,166,195
5357,94,25
5358,8,130
5359,7,116
5360,146,211
5361,190,173
5362,167,200
5363,11,158
5364,78,23
5365,205,143
5366,70,24
5367,2,107
5368,199,167
5369,27,192
5370,114,227
5371,74,224
5372,175,38
5373,160,216
5374,138,227
5375,97,233
5376,91,8
5377,102,123
5378,100,122
5379,99,123
5380,103,128
5381,107,113
5382,110,113
5383,102,131
5384,114,128
5385,96,112
5386,100,134
5387,110,135
5388,121,123
5389,88,120
5390,106,139
5391,93,106
5392,108,141
5393,125,114
5394,83,125
5395,122,137
5396,126,133
5397,130,118
5398,131,117
5399,97,147
5400,131,110
5401,127,102
5402,107,151
5403,108,152
5404,80,141
5405,107,154
5406,104,155
5407,75,103
5408,84,150
5409,92,87
5410,84,152
5411,84,153
5412,108,82
5413,96,160
5414,64,119
5415,147,120
5416,143,141
5417,65,138
5418,61,114
5419,63,104
5420,134,85
5421,64,144
5422,63,98
5423,82,78
5424,142,88
5425,124,74
5426,117,171
5427,120,71
5428,52,124
5429,142,160
5430,159,113
5431,127,70
5432,124,68
5433,107,64
5434,103,179
5435,119,178
5436,82,176
5437,132,67
5438,166,118
5439,124,180
5440,48,95
5441,84,61
5442,111,57
5443,57,165
5444,162,88
5445,156,164
5446,129,184
5447,171,104
5448,36,126
5449,133,57
5450,38,99
5451,100,192
5452,168,156
5453,61,63
5454,124,50
5455,153,178
5456,163,169
5457,137,190
5458,134,50
5459,136,50
5460,183,116
5461,40,76
5462,161,178
5463,25,131
5464,32,85
5465,162,180
5466,55,187
5467,47,61
5468,161,184
5469,34,168
5470,22,99
5471,72,201
5472,35,173
5473,193,124
5474,176,68
5475,32,173
5476,191,94
5477,140,37
5478,64,39
5479,121,30
5480,197,135
5481,198,108
5482,197,100
5483,90,27
5484,166,47
5485,180,182
5486,188,70
5487,7,127
5488,201,145
5489,198,85
5490,26,183
5491,42,200
5492,117,222
5493,127,21
5494,140,24
5495,91,18
5496,30,48
5497,95,16
5498,55,27
5499,20,55
5500,65,20
5501,67,18
5502,183,200
5503,52,22
5504,163,23
